{
  "posts": [
    {
      "id": 1,
      "title": "如何让长辈按时吃药？",
      "content": "我的父亲经常忘记吃早饭后的药，大家有什么实用的方法？",
      "author": "小李",
      "timestamp": "2025-10-01T08:30:00",
      "likes": 12,
      "comments": [
        {
          "id": 1,
          "author": "阿姨",
          "text": "可以把药和饭放在一起，吃完饭顺手拿药",
          "timestamp": "2025-10-01T09:00:00"
        },
        {
          "id": 2,
          "author": "家庭成员",
          "text": "Heng",
          "timestamp": "2026-01-03T19:52:49.279086"
        }
      ]
    },
    {
      "id": 2,
      "title": "推荐几首安静的音乐",
      "content": "想在午休时放一些轻柔音乐，有推荐吗？",
      "author": "小王",
      "timestamp": "2025-09-28T14:12:00",
      "likes": 10,
      "comments": []
    }
  ]
}