{
  "med_00001": {
    "description": "这是降压药，每日早饭后服用一粒。",
    "update_time": "2025-10-01 18:30:00",
    "audio_file": "assets/voice/qr_code/med_00001.wav"
  },
  "med_00002": {
    "description": "维生素D，每日中饭后服用2粒",
    "update_time": "2025-10-01 18:30:00",
    "audio_file": "assets/voice/qr_code/med_00002.wav"
  },
  "med_00003": {
    "description": "降糖药，每日早餐前服用1粒，晚餐前服用1粒",
    "update_time": "2025-10-01 18:30:00",
    "audio_file": "assets/voice/qr_code/med_00003.wav"
  },
  "med_00004": {
    "description": "心脏保健药，每日早晚各服用1粒",
    "update_time": "2025-10-01 18:30:00",
    "audio_file": "audio/med_00004.mp3"
  },
  "med_00005": {
    "description": "钙片，每日睡前服用2粒",
    "update_time": "2025-10-01 18:30:00",
    "audio_file": "audio/med_00005.mp3"
  },
  "med_00006": {
    "description": "胃药，每日三餐前服用1粒",
    "update_time": "2025-10-01 18:30:00",
    "audio_file": "audio/med_00006.mp3"
  },
  "med_00007": {
    "description": "安眠药，每日睡前服用半粒",
    "update_time": "2025-10-01 18:30:00",
    "audio_file": "audio/med_00007.mp3"
  },
  "med_00008": {
    "description": "消炎药，每日三次，每次1粒，饭后服用",
    "update_time": "2025-10-01 18:30:00",
    "audio_file": "audio/med_00008.mp3"
  },
  "med_00009": {
    "description": "感冒药，感觉不适时服用1粒，每日不超过3粒",
    "update_time": "2025-10-01 18:30:00",
    "audio_file": "audio/med_00009.mp3"
  },
  "med_00010": {
    "description": "止痛药，疼痛时服用1粒，每6小时不超过1粒",
    "update_time": "2025-10-01 18:30:00",
    "audio_file": "audio/med_00010.mp3"
  },
  "med_00011": {
    "description": "抗过敏药，每日早晨服用1粒",
    "update_time": "2025-10-01 18:30:00",
    "audio_file": "audio/med_00011.mp3"
  },
  "med_00012": {
    "description": "保健品鱼油，每日随餐服用2粒",
    "update_time": "2025-10-01 18:30:00",
    "audio_file": "audio/med_00012.mp3"
  }
}
