{
  "reminders": [
    {
      "id": 1,
      "time": "08:00",
      "event": "吃降压药",
      "completed": false
    },
    {
      "id": 2,
      "time": "12:00",
      "event": "吃维生素D",
      "completed": false
    },
    {
      "id": 3,
      "time": "16:40",
      "event": "提醒测试",
      "completed": true
    },
    {
      "id": 4,
      "time": "05:00",
      "event": "去吃饭",
      "completed": false
    },
    {
      "id": 5,
      "time": "17:00",
      "event": "去睡觉",
      "completed": true
    }
  ]
}